metric,mean_value
length,166.3913043478261
tm_score,0.8921708695652175
rmsd_value,1.7182608695652173
seq_id,0.9655217391304348
CA_rmsd,2.3625314939573037
lddt,0.8756664829544263
gdt,82.3485411654562
