metric,mean_value
length,166.3913043478261
tm_score,0.26620217391304346
rmsd_value,5.427826086956522
seq_id,0.09595652173913045
CA_rmsd,17.762695298028945
lddt,0.23567161465930136
gdt,56.14723591097271
